run_id,subject,gc,workload,jdk,energy_j,runtime_s,batch_source
run_17,PetClinic,G1,Medium,oracle,582.802219,180.01,service_apps
run_20,TodoApp,Serial,Medium,openjdk,536.771025,180.01,service_apps
run_54,ANDIE,G1,Heavy,oracle,3958.655576,300.01,service_apps
run_25,TodoApp,Parallel,Light,openjdk,410.88408,120.01,service_apps
run_18,PetClinic,G1,Heavy,oracle,887.904038,300.01,service_apps
run_4,PetClinic,Serial,Light,oracle,512.611603,120.01,service_apps
run_36,TodoApp,G1,Heavy,oracle,791.871936,300.01,service_apps
run_11,PetClinic,Parallel,Medium,oracle,653.347082,180.01,service_apps
run_46,ANDIE,Parallel,Light,oracle,1576.841728,120.0,service_apps
run_33,TodoApp,G1,Heavy,openjdk,797.286106,300.01,service_apps
run_13,PetClinic,G1,Light,openjdk,518.398453,120.01,service_apps
run_5,PetClinic,Serial,Medium,oracle,639.000196,180.01,service_apps
run_10,PetClinic,Parallel,Light,oracle,457.793262,120.01,service_apps
run_40,ANDIE,Serial,Light,oracle,283.313606,120.01,service_apps
run_43,ANDIE,Parallel,Light,openjdk,277.834127,120.01,service_apps
run_15,PetClinic,G1,Heavy,openjdk,788.685237,300.01,service_apps
run_52,ANDIE,G1,Light,oracle,1573.56549,120.01,service_apps
run_42,ANDIE,Serial,Heavy,oracle,645.086789,300.01,service_apps
run_28,TodoApp,Parallel,Light,oracle,376.120497,120.01,service_apps
run_42,ANDIE,Serial,Heavy,oracle,650.0045,300.01,service_apps
run_17,PetClinic,G1,Medium,oracle,658.215356,180.01,service_apps
run_12,PetClinic,Parallel,Heavy,oracle,854.41334,300.01,service_apps
run_47,ANDIE,Parallel,Medium,oracle,2371.260775,180.01,service_apps
run_48,ANDIE,Parallel,Heavy,oracle,664.818488,300.01,service_apps
run_40,ANDIE,Serial,Light,oracle,275.275174,120.01,service_apps
run_18,PetClinic,G1,Heavy,oracle,780.815872,300.01,service_apps
run_18,PetClinic,G1,Heavy,oracle,2685.062096,300.04,service_apps
run_24,TodoApp,Serial,Heavy,oracle,798.362336,300.01,service_apps
run_23,TodoApp,Serial,Medium,oracle,481.380848,180.01,service_apps
run_19,TodoApp,Serial,Light,openjdk,404.733949,120.01,service_apps
run_34,TodoApp,G1,Light,oracle,1972.73439,120.01,service_apps
run_7,PetClinic,Parallel,Light,openjdk,450.263191,120.01,service_apps
run_2,PetClinic,Serial,Medium,openjdk,2592.737503,180.01,service_apps
run_32,TodoApp,G1,Medium,openjdk,551.531242,180.01,service_apps
run_27,TodoApp,Parallel,Heavy,openjdk,794.188153,300.01,service_apps
run_19,TodoApp,Serial,Light,openjdk,1056.623271,120.03,service_apps
run_44,ANDIE,Parallel,Medium,openjdk,351.687088,180.01,service_apps
run_36,TodoApp,G1,Heavy,oracle,791.200062,300.01,service_apps
run_36,TodoApp,G1,Heavy,oracle,3704.661903,300.01,service_apps
run_6,PetClinic,Serial,Heavy,oracle,873.17788,300.01,service_apps
run_44,ANDIE,Parallel,Medium,openjdk,394.353971,180.01,service_apps
run_30,TodoApp,Parallel,Heavy,oracle,698.886212,300.01,service_apps
run_12,PetClinic,Parallel,Heavy,oracle,874.268209,300.01,service_apps
run_32,TodoApp,G1,Medium,openjdk,546.331487,180.01,service_apps
run_37,ANDIE,Serial,Light,openjdk,2071.583137,120.0,service_apps
run_26,TodoApp,Parallel,Medium,openjdk,488.953277,180.01,service_apps
run_7,PetClinic,Parallel,Light,openjdk,1400.501481,120.03,service_apps
run_38,ANDIE,Serial,Medium,openjdk,394.893826,180.02,service_apps
run_9,PetClinic,Parallel,Heavy,openjdk,2555.219594,300.01,service_apps
run_46,ANDIE,Parallel,Light,oracle,277.312095,120.01,service_apps
run_26,TodoApp,Parallel,Medium,openjdk,1602.196277,180.03,service_apps
run_4,PetClinic,Serial,Light,oracle,458.474717,120.01,service_apps
run_43,ANDIE,Parallel,Light,openjdk,239.821651,120.01,service_apps
run_19,TodoApp,Serial,Light,openjdk,386.197193,120.01,service_apps
run_35,TodoApp,G1,Medium,oracle,540.227682,180.01,service_apps
run_1,PetClinic,Serial,Light,openjdk,503.196343,120.01,service_apps
run_5,PetClinic,Serial,Medium,oracle,626.06163,180.01,service_apps
run_44,ANDIE,Parallel,Medium,openjdk,400.982249,180.01,service_apps
run_45,ANDIE,Parallel,Heavy,openjdk,655.71402,300.01,service_apps
run_26,TodoApp,Parallel,Medium,openjdk,537.209989,180.01,service_apps
run_24,TodoApp,Serial,Heavy,oracle,699.613016,300.01,service_apps
run_50,ANDIE,G1,Medium,openjdk,347.779139,180.01,service_apps
run_28,TodoApp,Parallel,Light,oracle,401.551828,120.01,service_apps
run_8,PetClinic,Parallel,Medium,openjdk,608.126312,180.01,service_apps
run_45,ANDIE,Parallel,Heavy,openjdk,692.097349,300.01,service_apps
run_21,TodoApp,Serial,Heavy,openjdk,794.699381,300.01,service_apps
run_36,TodoApp,G1,Heavy,oracle,691.895202,300.01,service_apps
run_47,ANDIE,Parallel,Medium,oracle,348.86422,180.01,service_apps
run_14,PetClinic,G1,Medium,openjdk,647.828298,180.01,service_apps
run_53,ANDIE,G1,Medium,oracle,404.728029,180.01,service_apps
run_33,TodoApp,G1,Heavy,openjdk,2587.378875,300.0,service_apps
run_9,PetClinic,Parallel,Heavy,openjdk,759.4134,300.01,service_apps
run_31,TodoApp,G1,Light,openjdk,413.662821,120.01,service_apps
run_52,ANDIE,G1,Light,oracle,240.81054,120.01,service_apps
run_42,ANDIE,Serial,Heavy,oracle,561.29965,300.01,service_apps
run_53,ANDIE,G1,Medium,oracle,401.656808,180.01,service_apps
run_43,ANDIE,Parallel,Light,openjdk,279.513261,120.01,service_apps
run_21,TodoApp,Serial,Heavy,openjdk,699.751016,300.01,service_apps
run_41,ANDIE,Serial,Medium,oracle,408.594169,180.01,service_apps
run_54,ANDIE,G1,Heavy,oracle,673.105332,300.01,service_apps
run_54,ANDIE,G1,Heavy,oracle,672.145435,300.01,service_apps
run_28,TodoApp,Parallel,Light,oracle,1078.565049,120.04,service_apps
run_4,PetClinic,Serial,Light,oracle,1537.460908,120.0,service_apps
run_37,ANDIE,Serial,Light,openjdk,274.380462,120.01,service_apps
run_27,TodoApp,Parallel,Heavy,openjdk,782.682139,300.01,service_apps
run_51,ANDIE,G1,Heavy,openjdk,565.40468,300.01,service_apps
run_51,ANDIE,G1,Heavy,openjdk,652.232034,300.01,service_apps
run_11,PetClinic,Parallel,Medium,oracle,1739.742494,180.03,service_apps
run_9,PetClinic,Parallel,Heavy,openjdk,880.352422,300.01,service_apps
run_48,ANDIE,Parallel,Heavy,oracle,665.707219,300.01,service_apps
run_25,TodoApp,Parallel,Light,openjdk,411.243637,120.01,service_apps
run_11,PetClinic,Parallel,Medium,oracle,633.044766,180.01,service_apps
run_42,ANDIE,Serial,Heavy,oracle,664.899542,300.01,service_apps
run_6,PetClinic,Serial,Heavy,oracle,785.846132,300.01,service_apps
run_32,TodoApp,G1,Medium,openjdk,480.221854,180.01,service_apps
run_46,ANDIE,Parallel,Light,oracle,238.133851,120.01,service_apps
run_23,TodoApp,Serial,Medium,oracle,1508.063278,180.01,service_apps
run_45,ANDIE,Parallel,Heavy,openjdk,645.609126,300.01,service_apps
run_11,PetClinic,Parallel,Medium,oracle,635.123252,180.01,service_apps
run_3,PetClinic,Serial,Heavy,openjdk,778.434653,300.01,service_apps
run_12,PetClinic,Parallel,Heavy,oracle,789.850883,300.01,service_apps
run_44,ANDIE,Parallel,Medium,openjdk,407.283869,180.01,service_apps
run_8,PetClinic,Parallel,Medium,openjdk,1784.892525,180.01,service_apps
run_49,ANDIE,G1,Light,openjdk,239.685849,120.01,service_apps
run_2,PetClinic,Serial,Medium,openjdk,639.174328,180.01,service_apps
run_2,PetClinic,Serial,Medium,openjdk,624.306141,180.01,service_apps
run_27,TodoApp,Parallel,Heavy,openjdk,2494.81417,300.01,service_apps
run_49,ANDIE,G1,Light,openjdk,280.07814,120.01,service_apps
run_30,TodoApp,Parallel,Heavy,oracle,2873.542753,300.01,service_apps
run_34,TodoApp,G1,Light,oracle,412.209272,120.01,service_apps
run_48,ANDIE,Parallel,Heavy,oracle,3885.127933,300.01,service_apps
run_13,PetClinic,G1,Light,openjdk,1290.432671,120.0,service_apps
run_1,PetClinic,Serial,Light,openjdk,1459.348498,120.01,service_apps
run_14,PetClinic,G1,Medium,openjdk,585.856776,180.01,service_apps
run_29,TodoApp,Parallel,Medium,oracle,481.044545,180.01,service_apps
run_25,TodoApp,Parallel,Light,openjdk,377.592173,120.01,service_apps
run_50,ANDIE,G1,Medium,openjdk,404.957277,180.01,service_apps
run_16,PetClinic,G1,Light,oracle,1174.636214,120.01,service_apps
run_21,TodoApp,Serial,Heavy,openjdk,2532.75316,300.01,service_apps
run_34,TodoApp,G1,Light,oracle,424.541638,120.01,service_apps
run_38,ANDIE,Serial,Medium,openjdk,2434.814201,180.01,service_apps
run_34,TodoApp,G1,Light,oracle,376.836133,120.01,service_apps
run_16,PetClinic,G1,Light,oracle,493.23061,120.01,service_apps
run_12,PetClinic,Parallel,Heavy,oracle,2582.054974,300.01,service_apps
run_10,PetClinic,Parallel,Light,oracle,492.04238,120.01,service_apps
run_24,TodoApp,Serial,Heavy,oracle,2596.46546,300.04,service_apps
run_28,TodoApp,Parallel,Light,oracle,424.927196,120.01,service_apps
run_31,TodoApp,G1,Light,openjdk,1103.947797,120.01,service_apps
run_51,ANDIE,G1,Heavy,openjdk,650.604597,300.01,service_apps
run_17,PetClinic,G1,Medium,oracle,1684.474753,180.04,service_apps
run_52,ANDIE,G1,Light,oracle,277.246849,120.01,service_apps
run_38,ANDIE,Serial,Medium,openjdk,347.469936,180.01,service_apps
run_1,PetClinic,Serial,Light,openjdk,509.416543,120.02,service_apps
run_9,PetClinic,Parallel,Heavy,openjdk,853.17726,300.01,service_apps
run_6,PetClinic,Serial,Heavy,oracle,3504.901183,300.01,service_apps
run_22,TodoApp,Serial,Light,oracle,406.999447,120.01,service_apps
run_20,TodoApp,Serial,Medium,openjdk,1591.247513,180.01,service_apps
run_3,PetClinic,Serial,Heavy,openjdk,876.327835,300.01,service_apps
run_45,ANDIE,Parallel,Heavy,openjdk,559.607088,300.01,service_apps
run_23,TodoApp,Serial,Medium,oracle,549.092406,180.01,service_apps
run_21,TodoApp,Serial,Heavy,openjdk,785.848757,300.01,service_apps
run_22,TodoApp,Serial,Light,oracle,1220.915697,120.01,service_apps
run_35,TodoApp,G1,Medium,oracle,496.388133,180.01,service_apps
run_53,ANDIE,G1,Medium,oracle,2386.485956,180.01,service_apps
run_54,ANDIE,G1,Heavy,oracle,565.283587,300.01,service_apps
run_41,ANDIE,Serial,Medium,oracle,393.964446,180.01,service_apps
run_8,PetClinic,Parallel,Medium,openjdk,556.118388,180.01,service_apps
run_33,TodoApp,G1,Heavy,openjdk,800.550929,300.01,service_apps
run_33,TodoApp,G1,Heavy,openjdk,688.292489,300.01,service_apps
run_47,ANDIE,Parallel,Medium,oracle,402.050607,180.01,service_apps
run_39,ANDIE,Serial,Heavy,openjdk,654.263279,300.01,service_apps
run_39,ANDIE,Serial,Heavy,openjdk,666.201664,300.04,service_apps
run_5,PetClinic,Serial,Medium,oracle,2612.767298,180.0,service_apps
run_29,TodoApp,Parallel,Medium,oracle,528.017752,180.01,service_apps
run_10,PetClinic,Parallel,Light,oracle,486.410315,120.01,service_apps
run_8,PetClinic,Parallel,Medium,openjdk,636.147236,180.01,service_apps
run_32,TodoApp,G1,Medium,openjdk,1561.901031,180.01,service_apps
run_14,PetClinic,G1,Medium,openjdk,1605.882059,180.03,service_apps
run_15,PetClinic,G1,Heavy,openjdk,1307.413645,300.01,service_apps
run_24,TodoApp,Serial,Heavy,oracle,776.085537,300.01,service_apps
run_30,TodoApp,Parallel,Heavy,oracle,782.225292,300.01,service_apps
run_35,TodoApp,G1,Medium,oracle,540.927875,180.01,service_apps
run_16,PetClinic,G1,Light,oracle,507.891156,120.01,service_apps
run_30,TodoApp,Parallel,Heavy,oracle,801.646202,300.01,service_apps
run_13,PetClinic,G1,Light,openjdk,495.683545,120.01,service_apps
run_6,PetClinic,Serial,Heavy,oracle,879.048958,300.01,service_apps
run_7,PetClinic,Parallel,Light,openjdk,479.198419,120.01,service_apps
run_51,ANDIE,G1,Heavy,openjdk,3821.583173,300.01,service_apps
run_43,ANDIE,Parallel,Light,openjdk,272.704319,120.02,service_apps
run_31,TodoApp,G1,Light,openjdk,379.47614,120.01,service_apps
run_50,ANDIE,G1,Medium,openjdk,2373.18289,180.01,service_apps
run_22,TodoApp,Serial,Light,oracle,372.672935,120.01,service_apps
run_20,TodoApp,Serial,Medium,openjdk,541.174518,180.01,service_apps
run_37,ANDIE,Serial,Light,openjdk,274.642791,120.01,service_apps
run_41,ANDIE,Serial,Medium,oracle,401.650156,180.01,service_apps
run_41,ANDIE,Serial,Medium,oracle,347.140469,180.01,service_apps
run_38,ANDIE,Serial,Medium,openjdk,393.710418,180.01,service_apps
run_26,TodoApp,Parallel,Medium,openjdk,538.862634,180.01,service_apps
run_3,PetClinic,Serial,Heavy,openjdk,3645.815435,300.01,service_apps
run_40,ANDIE,Serial,Light,oracle,280.447341,120.01,service_apps
run_39,ANDIE,Serial,Heavy,openjdk,645.175472,300.01,service_apps
run_29,TodoApp,Parallel,Medium,oracle,543.151747,180.01,service_apps
run_15,PetClinic,G1,Heavy,openjdk,2507.639882,300.01,service_apps
run_29,TodoApp,Parallel,Medium,oracle,1591.925795,180.01,service_apps
run_16,PetClinic,G1,Light,oracle,479.751335,120.01,service_apps
run_15,PetClinic,G1,Heavy,openjdk,896.249964,300.01,service_apps
run_4,PetClinic,Serial,Light,oracle,496.183483,120.01,service_apps
run_1,PetClinic,Serial,Light,openjdk,454.178525,120.01,service_apps
run_5,PetClinic,Serial,Medium,oracle,563.237511,180.01,service_apps
run_49,ANDIE,G1,Light,openjdk,1574.121702,120.01,service_apps
run_37,ANDIE,Serial,Light,openjdk,255.069537,120.01,service_apps
run_3,PetClinic,Serial,Heavy,openjdk,885.482047,300.01,service_apps
run_31,TodoApp,G1,Light,openjdk,411.374924,120.01,service_apps
run_47,ANDIE,Parallel,Medium,oracle,396.324608,180.01,service_apps
run_18,PetClinic,G1,Heavy,oracle,903.03614,300.01,service_apps
run_17,PetClinic,G1,Medium,oracle,610.080775,180.01,service_apps
run_23,TodoApp,Serial,Medium,oracle,548.84851,180.01,service_apps
run_19,TodoApp,Serial,Light,openjdk,412.620769,120.02,service_apps
run_35,TodoApp,G1,Medium,oracle,2130.274575,180.0,service_apps
run_49,ANDIE,G1,Light,openjdk,280.189225,120.01,service_apps
run_10,PetClinic,Parallel,Light,oracle,1172.965625,120.04,service_apps
run_39,ANDIE,Serial,Heavy,openjdk,560.504303,300.01,service_apps
run_50,ANDIE,G1,Medium,openjdk,406.084226,180.02,service_apps
run_2,PetClinic,Serial,Medium,openjdk,565.529924,180.01,service_apps
run_48,ANDIE,Parallel,Heavy,oracle,565.675859,300.01,service_apps
run_53,ANDIE,G1,Medium,oracle,346.091094,180.01,service_apps
run_7,PetClinic,Parallel,Light,openjdk,503.665031,120.01,service_apps
run_40,ANDIE,Serial,Light,oracle,246.093425,120.01,service_apps
run_22,TodoApp,Serial,Light,oracle,421.329304,120.01,service_apps
run_20,TodoApp,Serial,Medium,openjdk,474.514777,180.01,service_apps
run_13,PetClinic,G1,Light,openjdk,483.10881,120.01,service_apps
run_27,TodoApp,Parallel,Heavy,openjdk,695.409475,300.01,service_apps
run_14,PetClinic,G1,Medium,openjdk,621.296078,180.01,service_apps
run_46,ANDIE,Parallel,Light,oracle,277.946127,120.01,service_apps
run_52,ANDIE,G1,Light,oracle,278.336384,120.01,service_apps
run_25,TodoApp,Parallel,Light,openjdk,1061.056549,120.01,service_apps
batch1_run_30_repetition_0,CLBG-BinaryTrees,G1,Light,openjdk,1761170633057.0,0.495271,benchmarks
batch2_run_26_repetition_0,CLBG-BinaryTrees,Parallel,Medium,openjdk,1761186464826.0,0.701505,benchmarks
batch1_run_79_repetition_0,Rosetta,Parallel,Light,oracle,1761176933868.0,0.531042,benchmarks
batch2_run_37_repetition_0,CLBG-Fannkuch,Serial,Light,oracle,1761187820485.0,0.503846,benchmarks
batch3_run_16_repetition_0,DaCapo,G1,Heavy,openjdk,1761085176192.0,8.30064,benchmarks
batch2_run_47_repetition_0,CLBG-Fannkuch,Parallel,Heavy,oracle,1761189119338.0,4.73971,benchmarks
batch3_run_29_repetition_0,CLBG-BinaryTrees,Parallel,Heavy,oracle,1761086835013.0,0.887167,benchmarks
batch1_run_45_repetition_0,CLBG-Fannkuch,Parallel,Medium,oracle,1761172510598.0,0.732273,benchmarks
batch2_run_68_repetition_0,CLBG-NBody,G1,Medium,openjdk,1761191886275.0,2.14558,benchmarks
batch3_run_67_repetition_0,CLBG-NBody,G1,Light,oracle,1761091739921.0,0.740668,benchmarks
batch3_run_3_repetition_0,DaCapo,Serial,Medium,oracle,1761083397876.0,2.29655,benchmarks
batch3_run_88_repetition_0,Rosetta,G1,Heavy,openjdk,1761094372068.0,0.545881,benchmarks
batch3_run_47_repetition_0,CLBG-Fannkuch,Parallel,Heavy,oracle,1761089118431.0,4.72242,benchmarks
batch1_run_82_repetition_0,Rosetta,Parallel,Heavy,openjdk,1761177302962.0,0.50539,benchmarks
batch2_run_75_repetition_0,Rosetta,Serial,Medium,oracle,1761192795637.0,0.499629,benchmarks
batch3_run_14_repetition_0,DaCapo,G1,Medium,openjdk,1761084900439.0,2.30512,benchmarks
batch3_run_46_repetition_0,CLBG-Fannkuch,Parallel,Heavy,openjdk,1761088981125.0,4.72049,benchmarks
batch2_run_56_repetition_0,CLBG-NBody,Serial,Medium,openjdk,1761190288490.0,2.15711,benchmarks
batch2_run_14_repetition_0,DaCapo,G1,Medium,openjdk,1761184919036.0,2.34215,benchmarks
batch1_run_60_repetition_0,CLBG-NBody,Parallel,Light,openjdk,1761174495415.0,0.728766,benchmarks
batch3_run_41_repetition_0,CLBG-Fannkuch,Serial,Heavy,oracle,1761088330858.0,4.71284,benchmarks
batch3_run_86_repetition_0,Rosetta,G1,Medium,openjdk,1761094125884.0,0.522599,benchmarks
batch1_run_46_repetition_0,CLBG-Fannkuch,Parallel,Heavy,openjdk,1761172648137.0,4.92353,benchmarks
batch1_run_42_repetition_0,CLBG-Fannkuch,Parallel,Light,openjdk,1761172141125.0,0.522205,benchmarks
batch3_run_5_repetition_0,DaCapo,Serial,Heavy,oracle,1761083679146.0,8.13342,benchmarks
batch1_run_9_repetition_0,DaCapo,Parallel,Medium,oracle,1761167889663.0,2.37193,benchmarks
batch1_run_22_repetition_0,CLBG-BinaryTrees,Serial,Heavy,openjdk,1761169626722.0,0.878885,benchmarks
batch3_run_19_repetition_0,CLBG-BinaryTrees,Serial,Light,oracle,1761085573253.0,0.494843,benchmarks
batch2_run_19_repetition_0,CLBG-BinaryTrees,Serial,Light,oracle,1761185591944.0,0.54059,benchmarks
batch1_run_24_repetition_0,CLBG-BinaryTrees,Parallel,Light,openjdk,1761169883071.0,0.505213,benchmarks
batch2_run_23_repetition_0,CLBG-BinaryTrees,Serial,Heavy,oracle,1761186085192.0,0.875392,benchmarks
batch1_run_68_repetition_0,CLBG-NBody,G1,Medium,openjdk,1761175532045.0,2.14162,benchmarks
batch2_run_54_repetition_0,CLBG-NBody,Serial,Light,openjdk,1761190040565.0,0.934201,benchmarks
batch3_run_44_repetition_0,CLBG-Fannkuch,Parallel,Medium,openjdk,1761088710576.0,0.963057,benchmarks
batch3_run_72_repetition_0,Rosetta,Serial,Light,openjdk,1761092405090.0,0.49057,benchmarks
batch1_run_6_repetition_0,DaCapo,Parallel,Light,openjdk,1761167485952.0,1.33204,benchmarks
batch2_run_30_repetition_0,CLBG-BinaryTrees,G1,Light,openjdk,1761186957527.0,0.536122,benchmarks
batch1_run_67_repetition_0,CLBG-NBody,G1,Light,oracle,1761175407533.0,0.737581,benchmarks
batch2_run_29_repetition_0,CLBG-BinaryTrees,Parallel,Heavy,oracle,1761186834664.0,0.881378,benchmarks
batch2_run_28_repetition_0,CLBG-BinaryTrees,Parallel,Heavy,openjdk,1761186711447.0,0.920448,benchmarks
batch1_run_25_repetition_0,CLBG-BinaryTrees,Parallel,Light,oracle,1761170006066.0,0.526098,benchmarks
batch2_run_35_repetition_0,CLBG-BinaryTrees,G1,Heavy,oracle,1761187574473.0,1.14564,benchmarks
batch3_run_64_repetition_0,CLBG-NBody,Parallel,Heavy,openjdk,1761091347133.0,3.90357,benchmarks
batch1_run_19_repetition_0,CLBG-BinaryTrees,Serial,Light,oracle,1761169246857.0,0.495351,benchmarks
batch1_run_77_repetition_0,Rosetta,Serial,Heavy,oracle,1761176687563.0,0.549946,benchmarks
batch3_run_36_repetition_0,CLBG-Fannkuch,Serial,Light,openjdk,1761087696832.0,0.491769,benchmarks
batch2_run_0_repetition_0,DaCapo,Serial,Light,openjdk,1761183022115.0,1.33615,benchmarks
batch3_run_28_repetition_0,CLBG-BinaryTrees,Parallel,Heavy,openjdk,1761086711835.0,0.895255,benchmarks
batch2_run_3_repetition_0,DaCapo,Serial,Medium,oracle,1761183425886.0,2.33414,benchmarks
batch3_run_0_repetition_0,DaCapo,Serial,Light,openjdk,1761082800543.0,1.50771,benchmarks
batch1_run_15_repetition_0,DaCapo,G1,Medium,oracle,1761168709045.0,2.34589,benchmarks
batch2_run_62_repetition_0,CLBG-NBody,Parallel,Medium,openjdk,1761191087482.0,2.11228,benchmarks
batch3_run_52_repetition_0,CLBG-Fannkuch,G1,Heavy,openjdk,1761089758760.0,4.9325,benchmarks
batch3_run_70_repetition_0,CLBG-NBody,G1,Heavy,openjdk,1761092135599.0,3.92141,benchmarks
batch2_run_25_repetition_0,CLBG-BinaryTrees,Parallel,Light,oracle,1761186341456.0,0.518112,benchmarks
batch1_run_33_repetition_0,CLBG-BinaryTrees,G1,Medium,oracle,1761171002671.0,0.756588,benchmarks
batch3_run_4_repetition_0,DaCapo,Serial,Heavy,openjdk,1761083538584.0,8.13233,benchmarks
batch2_run_52_repetition_0,CLBG-Fannkuch,G1,Heavy,openjdk,1761189769603.0,4.94449,benchmarks
batch3_run_17_repetition_0,DaCapo,G1,Heavy,oracle,1761085317090.0,8.34974,benchmarks
batch1_run_37_repetition_0,CLBG-Fannkuch,Serial,Light,oracle,1761171495760.0,0.554622,benchmarks
batch1_run_16_repetition_0,DaCapo,G1,Heavy,openjdk,1761168849885.0,8.13541,benchmarks
batch1_run_75_repetition_0,Rosetta,Serial,Medium,oracle,1761176441206.0,0.530217,benchmarks
batch2_run_58_repetition_0,CLBG-NBody,Serial,Heavy,openjdk,1761190559707.0,3.72246,benchmarks
batch1_run_10_repetition_0,DaCapo,Parallel,Heavy,openjdk,1761168030311.0,8.12096,benchmarks
batch3_run_53_repetition_0,CLBG-Fannkuch,G1,Heavy,oracle,1761089896462.0,5.08483,benchmarks
batch1_run_66_repetition_0,CLBG-NBody,G1,Light,openjdk,1761175284425.0,0.724858,benchmarks
batch3_run_73_repetition_0,Rosetta,Serial,Light,oracle,1761092527962.0,0.5121,benchmarks
batch3_run_45_repetition_0,CLBG-Fannkuch,Parallel,Medium,oracle,1761088843870.0,0.701126,benchmarks
batch3_run_2_repetition_0,DaCapo,Serial,Medium,openjdk,1761083213205.0,2.32317,benchmarks
batch1_run_73_repetition_0,Rosetta,Serial,Light,oracle,1761176195162.0,0.494753,benchmarks
batch1_run_18_repetition_0,CLBG-BinaryTrees,Serial,Light,openjdk,1761169123740.0,0.514106,benchmarks
batch2_run_11_repetition_0,DaCapo,Parallel,Heavy,oracle,1761184526323.0,8.14471,benchmarks
batch3_run_15_repetition_0,DaCapo,G1,Medium,oracle,1761085035322.0,2.31874,benchmarks
batch2_run_22_repetition_0,CLBG-BinaryTrees,Serial,Heavy,openjdk,1761185961901.0,0.91052,benchmarks
batch2_run_80_repetition_0,Rosetta,Parallel,Medium,openjdk,1761193410808.0,0.492702,benchmarks
batch1_run_86_repetition_0,Rosetta,G1,Medium,openjdk,1761177794248.0,0.524108,benchmarks
batch1_run_55_repetition_0,CLBG-NBody,Serial,Light,oracle,1761173829814.0,0.735458,benchmarks
batch2_run_7_repetition_0,DaCapo,Parallel,Light,oracle,1761183975435.0,1.52362,benchmarks
batch3_run_20_repetition_0,CLBG-BinaryTrees,Serial,Medium,openjdk,1761085696410.0,0.723222,benchmarks
batch1_run_38_repetition_0,CLBG-Fannkuch,Serial,Medium,openjdk,1761171619150.0,0.716176,benchmarks
batch2_run_64_repetition_0,CLBG-NBody,Parallel,Heavy,openjdk,1761191358478.0,3.73554,benchmarks
batch1_run_84_repetition_0,Rosetta,G1,Light,openjdk,1761177548611.0,0.481395,benchmarks
batch3_run_71_repetition_0,CLBG-NBody,G1,Heavy,oracle,1761092272090.0,3.90374,benchmarks
batch2_run_2_repetition_0,DaCapo,Serial,Medium,openjdk,1761183290880.0,2.35108,benchmarks
batch3_run_21_repetition_0,CLBG-BinaryTrees,Serial,Medium,oracle,1761085829616.0,0.738882,benchmarks
batch2_run_36_repetition_0,CLBG-Fannkuch,Serial,Light,openjdk,1761187697557.0,0.537769,benchmarks
batch2_run_34_repetition_0,CLBG-BinaryTrees,G1,Heavy,openjdk,1761187450722.0,1.09455,benchmarks
batch1_run_78_repetition_0,Rosetta,Parallel,Light,openjdk,1761176810682.0,0.488376,benchmarks
batch3_run_1_repetition_0,DaCapo,Serial,Light,oracle,1761083038485.0,1.48372,benchmarks
batch2_run_21_repetition_0,CLBG-BinaryTrees,Serial,Medium,oracle,1761185838305.0,0.693171,benchmarks
batch3_run_49_repetition_0,CLBG-Fannkuch,G1,Light,oracle,1761089384462.0,0.521898,benchmarks
batch3_run_77_repetition_0,Rosetta,Serial,Heavy,oracle,1761093019442.0,0.532115,benchmarks
batch3_run_80_repetition_0,Rosetta,Parallel,Medium,openjdk,1761093387406.0,0.535889,benchmarks
batch3_run_30_repetition_0,CLBG-BinaryTrees,G1,Light,openjdk,1761086957883.0,0.527736,benchmarks
batch3_run_13_repetition_0,DaCapo,G1,Light,oracle,1761084765743.0,1.3174,benchmarks
batch2_run_65_repetition_0,CLBG-NBody,Parallel,Heavy,oracle,1761191495067.0,3.94372,benchmarks
batch1_run_69_repetition_0,CLBG-NBody,G1,Medium,oracle,1761175666729.0,2.09499,benchmarks
batch1_run_2_repetition_0,DaCapo,Serial,Medium,openjdk,1761166935850.0,2.35771,benchmarks
batch1_run_76_repetition_0,Rosetta,Serial,Heavy,openjdk,1761176564362.0,0.523654,benchmarks
batch2_run_57_repetition_0,CLBG-NBody,Serial,Medium,oracle,1761190423274.0,2.31325,benchmarks
batch2_run_49_repetition_0,CLBG-Fannkuch,G1,Light,oracle,1761189375287.0,0.548671,benchmarks
batch2_run_53_repetition_0,CLBG-Fannkuch,G1,Heavy,oracle,1761189907113.0,4.91533,benchmarks
batch2_run_6_repetition_0,DaCapo,Parallel,Light,openjdk,1761183841164.0,1.33083,benchmarks
batch2_run_18_repetition_0,CLBG-BinaryTrees,Serial,Light,openjdk,1761185468815.0,0.534862,benchmarks
batch2_run_50_repetition_0,CLBG-Fannkuch,G1,Medium,openjdk,1761189498792.0,0.952142,benchmarks
batch2_run_83_repetition_0,Rosetta,Parallel,Heavy,oracle,1761193779714.0,0.501957,benchmarks
batch3_run_82_repetition_0,Rosetta,Parallel,Heavy,openjdk,1761093633664.0,0.528899,benchmarks
batch1_run_74_repetition_0,Rosetta,Serial,Medium,openjdk,1761176318094.0,0.537327,benchmarks
batch2_run_27_repetition_0,CLBG-BinaryTrees,Parallel,Medium,oracle,1761186588072.0,0.713993,benchmarks
batch1_run_29_repetition_0,CLBG-BinaryTrees,Parallel,Heavy,oracle,1761170509700.0,0.891212,benchmarks
batch3_run_35_repetition_0,CLBG-BinaryTrees,G1,Heavy,oracle,1761087573884.0,1.13129,benchmarks
batch3_run_12_repetition_0,DaCapo,G1,Light,openjdk,1761084632068.0,1.30204,benchmarks
batch3_run_54_repetition_0,CLBG-NBody,Serial,Light,openjdk,1761090030081.0,0.93581,benchmarks
batch2_run_87_repetition_0,Rosetta,G1,Medium,oracle,1761194272207.0,0.541549,benchmarks
batch3_run_83_repetition_0,Rosetta,Parallel,Heavy,oracle,1761093756781.0,0.519641,benchmarks
batch1_run_5_repetition_0,DaCapo,Serial,Heavy,oracle,1761167352112.0,8.12937,benchmarks
batch1_run_56_repetition_0,CLBG-NBody,Serial,Medium,openjdk,1761173954499.0,2.08727,benchmarks
batch3_run_79_repetition_0,Rosetta,Parallel,Light,oracle,1761093264819.0,0.555353,benchmarks
batch2_run_85_repetition_0,Rosetta,G1,Light,oracle,1761194025994.0,0.537501,benchmarks
batch2_run_74_repetition_0,Rosetta,Serial,Medium,openjdk,1761192672624.0,0.496201,benchmarks
batch1_run_65_repetition_0,CLBG-NBody,Parallel,Heavy,oracle,1761175151141.0,3.89884,benchmarks
batch2_run_67_repetition_0,CLBG-NBody,G1,Light,oracle,1761191761506.0,0.703361,benchmarks
batch1_run_85_repetition_0,Rosetta,G1,Light,oracle,1761177671502.0,0.507502,benchmarks
batch2_run_24_repetition_0,CLBG-BinaryTrees,Parallel,Light,openjdk,1761186218299.0,0.501869,benchmarks
batch3_run_65_repetition_0,CLBG-NBody,Parallel,Heavy,oracle,1761091483437.0,3.72406,benchmarks
batch2_run_82_repetition_0,Rosetta,Parallel,Heavy,openjdk,1761193656503.0,0.517863,benchmarks
batch1_run_31_repetition_0,CLBG-BinaryTrees,G1,Light,oracle,1761170756117.0,0.498531,benchmarks
batch1_run_12_repetition_0,DaCapo,G1,Light,openjdk,1761168305247.0,1.56966,benchmarks
batch1_run_35_repetition_0,CLBG-BinaryTrees,G1,Heavy,oracle,1761171249839.0,1.10394,benchmarks
batch1_run_28_repetition_0,CLBG-BinaryTrees,Parallel,Heavy,openjdk,1761170376311.0,1.14317,benchmarks
batch2_run_42_repetition_0,CLBG-Fannkuch,Parallel,Light,openjdk,1761188484978.0,0.500041,benchmarks
batch1_run_51_repetition_0,CLBG-Fannkuch,G1,Medium,oracle,1761173298350.0,0.931505,benchmarks
batch2_run_5_repetition_0,DaCapo,Serial,Heavy,oracle,1761183707292.0,8.17536,benchmarks
batch2_run_77_repetition_0,Rosetta,Serial,Heavy,oracle,1761193041831.0,0.481169,benchmarks
batch2_run_89_repetition_0,Rosetta,G1,Heavy,oracle,1761194518285.0,0.491215,benchmarks
batch1_run_41_repetition_0,CLBG-Fannkuch,Serial,Heavy,oracle,1761172007926.0,4.89513,benchmarks
batch3_run_66_repetition_0,CLBG-NBody,G1,Light,openjdk,1761091616696.0,0.726448,benchmarks
batch2_run_86_repetition_0,Rosetta,G1,Medium,openjdk,1761194149042.0,0.511723,benchmarks
batch2_run_46_repetition_0,CLBG-Fannkuch,Parallel,Heavy,openjdk,1761188981994.0,4.71606,benchmarks
batch1_run_26_repetition_0,CLBG-BinaryTrees,Parallel,Medium,openjdk,1761170129295.0,0.737199,benchmarks
batch3_run_84_repetition_0,Rosetta,G1,Light,openjdk,1761093879911.0,0.542263,benchmarks
batch2_run_51_repetition_0,CLBG-Fannkuch,G1,Medium,oracle,1761189632098.0,0.915359,benchmarks
batch2_run_69_repetition_0,CLBG-NBody,G1,Medium,oracle,1761192020817.0,2.13043,benchmarks
batch1_run_0_repetition_0,DaCapo,Serial,Light,openjdk,1761166667112.0,1.54704,benchmarks
batch3_run_51_repetition_0,CLBG-Fannkuch,G1,Medium,oracle,1761089631291.0,0.696742,benchmarks
batch2_run_10_repetition_0,DaCapo,Parallel,Heavy,openjdk,1761184385700.0,8.10171,benchmarks
batch3_run_61_repetition_0,CLBG-NBody,Parallel,Light,oracle,1761090951160.0,0.717889,benchmarks
batch3_run_22_repetition_0,CLBG-BinaryTrees,Serial,Heavy,openjdk,1761085952753.0,0.881846,benchmarks
batch2_run_8_repetition_0,DaCapo,Parallel,Medium,openjdk,1761184110176.0,2.28541,benchmarks
batch1_run_36_repetition_0,CLBG-Fannkuch,Serial,Light,openjdk,1761171372613.0,0.505148,benchmarks
batch1_run_61_repetition_0,CLBG-NBody,Parallel,Light,oracle,1761174618985.0,0.696148,benchmarks
batch2_run_60_repetition_0,CLBG-NBody,Parallel,Light,openjdk,1761190829517.0,0.731071,benchmarks
batch3_run_32_repetition_0,CLBG-BinaryTrees,G1,Medium,openjdk,1761087203637.0,0.495799,benchmarks
batch3_run_76_repetition_0,Rosetta,Serial,Heavy,openjdk,1761092896583.0,0.503758,benchmarks
batch1_run_11_repetition_0,DaCapo,Parallel,Heavy,oracle,1761168171061.0,8.14316,benchmarks
batch3_run_87_repetition_0,Rosetta,G1,Medium,oracle,1761094249020.0,0.524304,benchmarks
batch3_run_50_repetition_0,CLBG-Fannkuch,G1,Medium,openjdk,1761089507964.0,0.924624,benchmarks
batch1_run_27_repetition_0,CLBG-BinaryTrees,Parallel,Medium,oracle,1761170252611.0,0.739353,benchmarks
batch2_run_88_repetition_0,Rosetta,G1,Heavy,openjdk,1761194395394.0,0.515538,benchmarks
batch1_run_4_repetition_0,DaCapo,Serial,Heavy,openjdk,1761167211518.0,8.17617,benchmarks
batch2_run_32_repetition_0,CLBG-BinaryTrees,G1,Medium,openjdk,1761187203733.0,0.520778,benchmarks
batch1_run_32_repetition_0,CLBG-BinaryTrees,G1,Medium,openjdk,1761170879373.0,0.745202,benchmarks
batch3_run_24_repetition_0,CLBG-BinaryTrees,Parallel,Light,openjdk,1761086208975.0,0.527953,benchmarks
batch2_run_72_repetition_0,Rosetta,Serial,Light,openjdk,1761192426510.0,0.557698,benchmarks
batch2_run_78_repetition_0,Rosetta,Parallel,Light,openjdk,1761193164905.0,0.525291,benchmarks
batch3_run_26_repetition_0,CLBG-BinaryTrees,Parallel,Medium,openjdk,1761086455205.0,0.712934,benchmarks
batch2_run_48_repetition_0,CLBG-Fannkuch,G1,Light,openjdk,1761189252248.0,0.495896,benchmarks
batch1_run_62_repetition_0,CLBG-NBody,Parallel,Medium,openjdk,1761174743552.0,2.12455,benchmarks
batch2_run_45_repetition_0,CLBG-Fannkuch,Parallel,Medium,oracle,1761188854811.0,0.693858,benchmarks
batch2_run_38_repetition_0,CLBG-Fannkuch,Serial,Medium,openjdk,1761187943802.0,0.936506,benchmarks
batch3_run_81_repetition_0,Rosetta,Parallel,Medium,oracle,1761093510573.0,0.547142,benchmarks
batch3_run_63_repetition_0,CLBG-NBody,Parallel,Medium,oracle,1761091210687.0,2.0893,benchmarks
batch1_run_70_repetition_0,CLBG-NBody,G1,Heavy,openjdk,1761175803264.0,3.9272,benchmarks
batch3_run_42_repetition_0,CLBG-Fannkuch,Parallel,Light,openjdk,1761088463857.0,0.519001,benchmarks
batch1_run_64_repetition_0,CLBG-NBody,Parallel,Heavy,openjdk,1761175014687.0,3.72091,benchmarks
batch1_run_44_repetition_0,CLBG-Fannkuch,Parallel,Medium,openjdk,1761172387415.0,0.732129,benchmarks
batch3_run_6_repetition_0,DaCapo,Parallel,Light,openjdk,1761083812997.0,1.34467,benchmarks
batch2_run_66_repetition_0,CLBG-NBody,G1,Light,openjdk,1761191628304.0,0.691961,benchmarks
batch1_run_40_repetition_0,CLBG-Fannkuch,Serial,Heavy,openjdk,1761171870466.0,4.91164,benchmarks
batch2_run_33_repetition_0,CLBG-BinaryTrees,G1,Medium,oracle,1761187327024.0,0.73695,benchmarks
batch2_run_63_repetition_0,CLBG-NBody,Parallel,Medium,oracle,1761191222133.0,2.13147,benchmarks
batch1_run_23_repetition_0,CLBG-BinaryTrees,Serial,Heavy,oracle,1761169760250.0,0.896243,benchmarks
batch3_run_37_repetition_0,CLBG-Fannkuch,Serial,Light,oracle,1761087819769.0,0.534465,benchmarks
batch3_run_33_repetition_0,CLBG-BinaryTrees,G1,Medium,oracle,1761087326659.0,0.528735,benchmarks
batch1_run_81_repetition_0,Rosetta,Parallel,Medium,oracle,1761177179962.0,0.518308,benchmarks
batch1_run_39_repetition_0,CLBG-Fannkuch,Serial,Medium,oracle,1761171742886.0,0.975684,benchmarks
batch3_run_60_repetition_0,CLBG-NBody,Parallel,Light,openjdk,1761090827906.0,0.685851,benchmarks
batch1_run_47_repetition_0,CLBG-Fannkuch,Parallel,Heavy,oracle,1761172785427.0,4.70954,benchmarks
batch2_run_4_repetition_0,DaCapo,Serial,Heavy,openjdk,1761183566552.0,8.12116,benchmarks
batch3_run_40_repetition_0,CLBG-Fannkuch,Serial,Heavy,openjdk,1761088193494.0,4.95038,benchmarks
batch3_run_56_repetition_0,CLBG-NBody,Serial,Medium,openjdk,1761090287830.0,2.14345,benchmarks
batch2_run_71_repetition_0,CLBG-NBody,G1,Heavy,oracle,1761192293421.0,3.9337,benchmarks
batch1_run_43_repetition_0,CLBG-Fannkuch,Parallel,Light,oracle,1761172264075.0,0.491527,benchmarks
batch2_run_55_repetition_0,CLBG-NBody,Serial,Light,oracle,1761190163803.0,0.735094,benchmarks
batch3_run_10_repetition_0,DaCapo,Parallel,Heavy,openjdk,1761084357375.0,8.12581,benchmarks
batch3_run_31_repetition_0,CLBG-BinaryTrees,G1,Light,oracle,1761087080822.0,0.523867,benchmarks
batch1_run_3_repetition_0,DaCapo,Serial,Medium,oracle,1761167070695.0,2.33181,benchmarks
batch2_run_15_repetition_0,DaCapo,G1,Medium,oracle,1761185053979.0,2.33491,benchmarks
batch1_run_53_repetition_0,CLBG-Fannkuch,G1,Heavy,oracle,1761173573348.0,4.95348,benchmarks
batch2_run_43_repetition_0,CLBG-Fannkuch,Parallel,Light,oracle,1761188608051.0,0.560833,benchmarks
batch1_run_1_repetition_0,DaCapo,Serial,Light,oracle,1761166800964.0,1.34887,benchmarks
batch3_run_43_repetition_0,CLBG-Fannkuch,Parallel,Light,oracle,1761088587003.0,0.516524,benchmarks
batch2_run_13_repetition_0,DaCapo,G1,Light,oracle,1761184794036.0,1.32074,benchmarks
batch1_run_49_repetition_0,CLBG-Fannkuch,G1,Light,oracle,1761173041388.0,0.479558,benchmarks
batch2_run_73_repetition_0,Rosetta,Serial,Light,oracle,1761192549648.0,0.532545,benchmarks
batch1_run_80_repetition_0,Rosetta,Parallel,Medium,openjdk,1761177056951.0,0.517829,benchmarks
batch3_run_25_repetition_0,CLBG-BinaryTrees,Parallel,Light,oracle,1761086332014.0,0.540528,benchmarks
batch1_run_34_repetition_0,CLBG-BinaryTrees,G1,Heavy,openjdk,1761171126312.0,1.14196,benchmarks
batch3_run_57_repetition_0,CLBG-NBody,Serial,Medium,oracle,1761090422490.0,2.1293,benchmarks
batch1_run_7_repetition_0,DaCapo,Parallel,Light,oracle,1761167619855.0,1.3405,benchmarks
batch2_run_81_repetition_0,Rosetta,Parallel,Medium,oracle,1761193533631.0,0.509622,benchmarks
batch3_run_18_repetition_0,CLBG-BinaryTrees,Serial,Light,openjdk,1761085450136.0,0.531941,benchmarks
batch3_run_62_repetition_0,CLBG-NBody,Parallel,Medium,openjdk,1761091075917.0,2.11803,benchmarks
batch2_run_20_repetition_0,CLBG-BinaryTrees,Serial,Medium,openjdk,1761185715076.0,0.707302,benchmarks
batch2_run_1_repetition_0,DaCapo,Serial,Light,oracle,1761183155996.0,1.29993,benchmarks
batch1_run_83_repetition_0,Rosetta,Parallel,Heavy,oracle,1761177425850.0,0.534769,benchmarks
batch2_run_39_repetition_0,CLBG-Fannkuch,Serial,Medium,oracle,1761188077170.0,0.729081,benchmarks
batch1_run_52_repetition_0,CLBG-Fannkuch,G1,Heavy,openjdk,1761173435710.0,4.93883,benchmarks
batch1_run_89_repetition_0,Rosetta,G1,Heavy,oracle,1761178163372.0,0.500536,benchmarks
batch1_run_8_repetition_0,DaCapo,Parallel,Medium,openjdk,1761167754680.0,2.34224,benchmarks
batch1_run_13_repetition_0,DaCapo,G1,Light,oracle,1761168439402.0,1.54422,benchmarks
batch1_run_59_repetition_0,CLBG-NBody,Serial,Heavy,oracle,1761174361899.0,3.9235,benchmarks
batch3_run_68_repetition_0,CLBG-NBody,G1,Medium,openjdk,1761091864499.0,2.10021,benchmarks
batch2_run_41_repetition_0,CLBG-Fannkuch,Serial,Heavy,oracle,1761188351837.0,4.74709,benchmarks
batch1_run_17_repetition_0,DaCapo,G1,Heavy,oracle,1761168990575.0,8.11396,benchmarks
batch2_run_76_repetition_0,Rosetta,Serial,Heavy,openjdk,1761192918761.0,0.529325,benchmarks
batch1_run_72_repetition_0,Rosetta,Serial,Light,openjdk,1761176072355.0,0.515733,benchmarks
batch3_run_74_repetition_0,Rosetta,Serial,Medium,openjdk,1761092651049.0,0.538033,benchmarks
batch2_run_44_repetition_0,CLBG-Fannkuch,Parallel,Medium,openjdk,1761188731437.0,0.759077,benchmarks
batch3_run_69_repetition_0,CLBG-NBody,G1,Medium,oracle,1761091999231.0,2.13686,benchmarks
batch3_run_48_repetition_0,CLBG-Fannkuch,G1,Light,openjdk,1761089251392.0,0.476394,benchmarks
batch3_run_78_repetition_0,Rosetta,Parallel,Light,openjdk,1761093142158.0,0.506628,benchmarks
batch1_run_63_repetition_0,CLBG-NBody,Parallel,Medium,oracle,1761174878410.0,2.34208,benchmarks
batch1_run_54_repetition_0,CLBG-NBody,Serial,Light,openjdk,1761173706524.0,0.697404,benchmarks
batch2_run_17_repetition_0,DaCapo,G1,Heavy,oracle,1761185335705.0,8.15004,benchmarks
batch1_run_50_repetition_0,CLBG-Fannkuch,G1,Medium,openjdk,1761173164708.0,0.890501,benchmarks
batch3_run_58_repetition_0,CLBG-NBody,Serial,Heavy,openjdk,1761090558539.0,3.67957,benchmarks
batch2_run_84_repetition_0,Rosetta,G1,Light,openjdk,1761193902842.0,0.529586,benchmarks
batch3_run_59_repetition_0,CLBG-NBody,Serial,Heavy,oracle,1761090694757.0,3.71958,benchmarks
batch3_run_9_repetition_0,DaCapo,Parallel,Medium,oracle,1761084216643.0,2.3397,benchmarks
batch1_run_14_repetition_0,DaCapo,G1,Medium,openjdk,1761168574159.0,2.31956,benchmarks
batch3_run_27_repetition_0,CLBG-BinaryTrees,Parallel,Medium,oracle,1761086578460.0,0.722335,benchmarks
batch3_run_75_repetition_0,Rosetta,Serial,Medium,oracle,1761092773906.0,0.507667,benchmarks
batch3_run_39_repetition_0,CLBG-Fannkuch,Serial,Medium,oracle,1761088066242.0,0.718452,benchmarks
batch2_run_79_repetition_0,Rosetta,Parallel,Light,oracle,1761193287905.0,0.531651,benchmarks
batch1_run_58_repetition_0,CLBG-NBody,Serial,Heavy,openjdk,1761174225423.0,3.6824,benchmarks
batch3_run_38_repetition_0,CLBG-Fannkuch,Serial,Medium,openjdk,1761087943123.0,0.744046,benchmarks
batch1_run_48_repetition_0,CLBG-Fannkuch,G1,Light,openjdk,1761172918505.0,0.535441,benchmarks
batch1_run_88_repetition_0,Rosetta,G1,Heavy,openjdk,1761178040331.0,0.49095,benchmarks
batch3_run_55_repetition_0,CLBG-NBody,Serial,Light,oracle,1761090163379.0,0.698304,benchmarks
batch1_run_21_repetition_0,CLBG-BinaryTrees,Serial,Medium,oracle,1761169493310.0,0.741583,benchmarks
batch1_run_57_repetition_0,CLBG-NBody,Serial,Medium,oracle,1761174089220.0,2.10525,benchmarks
batch3_run_23_repetition_0,CLBG-BinaryTrees,Serial,Heavy,oracle,1761086075972.0,0.93361,benchmarks
batch2_run_70_repetition_0,CLBG-NBody,G1,Heavy,openjdk,1761192157043.0,3.69115,benchmarks
batch3_run_85_repetition_0,Rosetta,G1,Light,oracle,1761094002875.0,0.519083,benchmarks
batch3_run_7_repetition_0,DaCapo,Parallel,Light,oracle,1761083946852.0,1.32663,benchmarks
batch3_run_11_repetition_0,DaCapo,Parallel,Heavy,oracle,1761084498048.0,8.14453,benchmarks
batch2_run_59_repetition_0,CLBG-NBody,Serial,Heavy,oracle,1761190696209.0,3.89031,benchmarks
batch2_run_40_repetition_0,CLBG-Fannkuch,Serial,Heavy,openjdk,1761188214449.0,4.68894,benchmarks
batch2_run_61_repetition_0,CLBG-NBody,Parallel,Light,oracle,1761190962923.0,0.738199,benchmarks
batch2_run_9_repetition_0,DaCapo,Parallel,Medium,oracle,1761184245064.0,2.34642,benchmarks
batch1_run_87_repetition_0,Rosetta,G1,Medium,oracle,1761177917350.0,0.547123,benchmarks
batch3_run_34_repetition_0,CLBG-BinaryTrees,G1,Heavy,openjdk,1761087450190.0,1.12493,benchmarks
batch2_run_31_repetition_0,CLBG-BinaryTrees,G1,Light,oracle,1761187080621.0,0.53401,benchmarks
batch3_run_89_repetition_0,Rosetta,G1,Heavy,oracle,1761094495178.0,0.527582,benchmarks
batch1_run_20_repetition_0,CLBG-BinaryTrees,Serial,Medium,openjdk,1761169369992.0,0.700298,benchmarks
batch3_run_8_repetition_0,DaCapo,Parallel,Medium,openjdk,1761084081723.0,2.33574,benchmarks
batch1_run_71_repetition_0,CLBG-NBody,G1,Heavy,oracle,1761175939358.0,3.72676,benchmarks
batch2_run_16_repetition_0,DaCapo,G1,Heavy,openjdk,1761185194953.0,8.33491,benchmarks
batch2_run_12_repetition_0,DaCapo,G1,Light,openjdk,1761184660121.0,1.29301,benchmarks
